Compound,Protein,Label
CCCN(CC(=O)N(CCC)CC(=O)N(CC(N)=O)CC1=CN(CCCNC(=O)CCCOC2=C(C=C(C=C2C(C)(C)C)C2=NC3=CC(=CC=C3N2)N2CC[NH+](C)CC2)C(C)(C)C)N=N1)C(=O)CCCOC1=CC=CC(=C1)C1=NC2=CC(=CC=C2N1)C1=NC2=CC(=CC=C2N1)N1CC[NH+](C)CC1,GGGAGAGGGUUUAAUUACGAAAGUAAUUGGAUCCGCAAGG,5.39794000867204
CCCN(CC(=O)N(CCC)CC(=O)N(CC(N)=O)CC1=CN(CCCNC(=O)CCCOC2=C(C=C(C=C2C(C)(C)C)C2=NC3=CC(=CC=C3N2)N2CC[NH+](C)CC2)C(C)(C)C)N=N1)C(=O)CCCOC1=CC=CC(=C1)C1=NC2=CC(=CC=C2N1)C1=NC2=CC(=CC=C2N1)N1CC[NH+](C)CC1,GGGAGAGGGUUUAUUUACGAAAGUAUAUGGAUCCGCAAGG,5.92081875395238
CCCN(CC(=O)N(CCC)CC(=O)N(CC(N)=O)CC1=CN(CCCNC(=O)CCCOC2=C(C=C(C=C2C(C)(C)C)C2=NC3=CC(=CC=C3N2)N2CC[NH+](C)CC2)C(C)(C)C)N=N1)C(=O)CCCOC1=CC=CC(=C1)C1=NC2=CC(=CC=C2N1)C1=NC2=CC(=CC=C2N1)N1CC[NH+](C)CC1,GGGAGAGGGUUUACGAACGAAAGUUGGUGGAUCCGCAAGG,6.04575749056068
CCCN(CC(=O)N(CCC)CC(=O)N(CC(N)=O)CC1=CN(CCCNC(=O)CCCOC2=C(C=C(C=C2C(C)(C)C)C2=NC3=CC(=CC=C3N2)N2CC[NH+](C)CC2)C(C)(C)C)N=N1)C(=O)CCCOC1=CC=CC(=C1)C1=NC2=CC(=CC=C2N1)C1=NC2=CC(=CC=C2N1)N1CC[NH+](C)CC1,GGGAGAGGGUUUACGAUUUACGAAAGUAUAUGGUGGAUCCGCAAGG,4.69897000433602
CCCN(CC(=O)N(CCC)CC(=O)N(CC(N)=O)CC1=CN(CCCNC(=O)CCCOC2=C(C=C(C=C2C(C)(C)C)C2=NC3=CC(=CC=C3N2)N2CC[NH+](C)CC2)C(C)(C)C)N=N1)C(=O)CCCOC1=CC=CC(=C1)C1=NC2=CC(=CC=C2N1)C1=NC2=CC(=CC=C2N1)N1CC[NH+](C)CC1,GGGAGAGGGUUUACGAUUUACGAAAGUAUAUCGUGGAUCCGCAAGG,5.92081875395238
CCCN(CC(=O)N(CCC)CC(=O)N(CC(N)=O)CC1=CN(CCCNC(=O)CCCOC2=C(C=C(C=C2C(C)(C)C)C2=NC3=CC(=CC=C3N2)N2CC[NH+](C)CC2)C(C)(C)C)N=N1)C(=O)CCCOC1=CC=CC(=C1)C1=NC2=CC(=CC=C2N1)C1=NC2=CC(=CC=C2N1)N1CC[NH+](C)CC1,GGGAGAGGGUUUACGAUUUACGAAAGUAAAUGGUGGAUCCGCAAGG,5.82390874094432
CCCN(CC(=O)N(CCC)CC(=O)N(CC(N)=O)CC1=CN(CCCNC(=O)CCCOC2=C(C=C(C=C2C(C)(C)C)C2=NC3=CC(=CC=C3N2)N2CC[NH+](C)CC2)C(C)(C)C)N=N1)C(=O)CCCOC1=CC=CC(=C1)C1=NC2=CC(=CC=C2N1)C1=NC2=CC(=CC=C2N1)N1CC[NH+](C)CC1,CGCGAATTCGCGTTTTCGCGAATTCGCG,4.30102999566398
CC(C)(C)C1=CC(=CC(=C1OCCCC(=O)NCCCN=[N+]=[N-])C(C)(C)C)C2=NC3=C(N2)C=C(C=C3)N4CCN(CC4)C,UGGCCGAUUUUGGCACUAGCACAUUUUUGCUUGUGUCUCUCCGCUCUGAGCAAUCAUGUGCAGUGCCAAUAUGGGAAA,5.88605664769316
CC(C)(C)C1=CC(=CC(=C1OCCCC(=O)NCCCN=[N+]=[N-])C(C)(C)C)C2=NC3=C(N2)C=C(C=C3)N4CCN(CC4)C,UGGCCGAUUUUGGCACUAGCACAUUUUUGCUUGUGUCUCUCCGCUCUGAGCAAUCAUGUGCAGUGCCAAUAUGGGAAA,5.46852108295774
CN1CCN(CC1)C2=CC3=C(C=C2)N=C(N3)C4=CC5=C(C=C4)N=C(N5)C6=CC(=CC=C6)OCCCC(=O)NCCCN=[N+]=[N-],AGCCCCUGCCCACCGCACACUGCGCUGCCCCAGACCCACUGUGCGUGUGACAGCGGCUGA,6.1791420105603
COC1=CC=C(C=C1)NCC(CN2C3=C(C=C(C=C3)Br)C4=C2C=CC(=C4)Br)O,GGGUUGACUGUUGAAUCUCAUGGCAACCC,6.15490195998574
COC1=CC(=C(C=C1)NCC(CN2C3=C(C=C(C=C3)Br)C4=C2C=CC(=C4)Br)O)OC,GGGUUGACUGUUGAAUCUCAUGGCAACCC,5.52287874528034
COC1=C(C=C(C=C1)NCC(CN2C3=C(C=C(C=C3)Br)C4=C2C=CC(=C4)Br)O)OC,GGGUUGACUGUUGAAUCUCAUGGCAACCC,5.85387196432176
CCOc1ccc(cn1)NCC(Cn1c2ccc(cc2c2c1ccc(c2)Br)Br)O,GGGUUGACUGUUGAAUCUCAUGGCAACCC,5.31875876262441
CCCOc1ccc(cc1)NCC(Cn1c2ccc(cc2c2c1ccc(c2)Br)Br)O,GGGUUGACUGUUGAAUCUCAUGGCAACCC,5.65757731917779
OC(Cn1c2ccc(cc2c2c1ccc(c2)Br)Br)CNc1ccc(cc1)N1CCOCC1,GGGUUGACUGUUGAAUCUCAUGGCAACCC,5.67778070526608
CCOc1ccc(cc1Cl)NCC(Cn1c2ccc(cc2c2c1ccc(c2)Br)Br)O,GGGUUGACUGUUGAAUCUCAUGGCAACCC,5.53760200210104
C1=CC=C(C=C1)NCC(CN2C3=C(C=C(C=C3)Br)C4=C2C=CC(=C4)Br)O,GGGUUGACUGUUGAAUCUCAUGGCAACCC,5.67778070526608
CCOC1=CC=C(C=C1)NCC(CN2C3=C(C=C(C=C3)Br)C4=C2C=CC(=C4)Br)O,GGGUUGACUGUUGAAUCUCAUGGCAACCC,5.92081875395238
CCOC1=CC=C(C=C1)NCC(CN2C3=C(C=C(C=C3)Cl)C4=C2C=CC(=C4)Cl)O,GGGUUGACUGUUGAAUCUCAUGGCAACCC,5.49485002168009
CCOc1ccc(cc1)NCC(Cn1c2ccc(cc2c(c1C)C)Br)O,GGGUUGACUGUUGAAUCUCAUGGCAACCC,5
CCOc1ccc(cc1)NCC(CN(c1ccc(cc1)Br)c1ccc(cc1)Br)O,GGGUUGACUGUUGAAUCUCAUGGCAACCC,5.63827216398241
CC1=CC=CC=C1NCC(CN2C3=C(C=C(C=C3)Br)C4=C2C=CC(=C4)Br)O,GGGUUGACUGUUGAAUCUCAUGGCAACCC,5.63827216398241
CC1=C(C=CC=C1Cl)NCC(CN2C3=C(C=C(C=C3)Br)C4=C2C=CC(=C4)Br)O,GGGUUGACUGUUGAAUCUCAUGGCAACCC,5.49485002168009
C1=CC(=CC(=C1)Cl)NCC(CN2C3=C(C=C(C=C3)Br)C4=C2C=CC(=C4)Br)O,GGGUUGACUGUUGAAUCUCAUGGCAACCC,5.92081875395238
OC(Cn1c2ccc(cc2c2c1ccc(c2)Br)Br)CNc1ccc2c(c1)cccc2,GGGUUGACUGUUGAAUCUCAUGGCAACCC,6.09691001300806
CC1=CC(=C(C=C1)NCC(CN2C3=C(C=C(C=C3)Br)C4=C2C=CC(=C4)Br)O)C,GGGUUGACUGUUGAAUCUCAUGGCAACCC,5.29242982390206
C1=CC=C(C=C1)NCC(CN2C3=CC=CC=C3C4=CC=CC=C42)O,GGGUUGACUGUUGAAUCUCAUGGCAACCC,5.08092190762393
CCOC1=CC=C(C=C1)NCC(CN2C3=C(C=C(C=C3)Br)C4=CC=CC=C42)O,GGGUUGACUGUUGAAUCUCAUGGCAACCC,5.69897000433602
OC(Cn1c2ccc(cc2c2c1cccc2)Br)CNc1ccc(cc1)N1CCOCC1,GGGUUGACUGUUGAAUCUCAUGGCAACCC,5.49485002168009
CCOc1ccc(cc1)NCC(Cn1c2cc(Br)ccc2c2c1cc(Br)cc2)O,GGGUUGACUGUUGAAUCUCAUGGCAACCC,6
OC(Cn1c2cc(Br)ccc2c2c1cc(Br)cc2)CNc1ccc(cc1)N1CCOCC1,GGGUUGACUGUUGAAUCUCAUGGCAACCC,5.67778070526608
OC(Cn1c2cc(Br)ccc2c2c1cc(Br)cc2)CNc1ccccc1C,GGGUUGACUGUUGAAUCUCAUGGCAACCC,5.56863623584101
OC(CN(c1ccc(cc1)Br)c1ccc(cc1)Br)CNc1ccc(cc1)N1CCOCC1,GGGUUGACUGUUGAAUCUCAUGGCAACCC,5.44369749923271
OC(CN(c1ccc(cc1)Br)c1ccc(cc1)Br)CNc1cc,GGGUUGACUGUUGAAUCUCAUGGCAA,5.35654732351381
ccc1C,CCC,
CNC(=O)C1=NC=CC(=C1)OC2=CC(=C(C=C2)NC(=O)NC3=CC(=C(C=C3)Cl)C(F)(F)F)F,GGGUUGACUGUUGAAUCUCAUGGCAACCC,6.13667713987954
C1C(C(C(C(C1N)OC2C(C(C(C(O2)CN)O)O)N)OC3C(C(C(O3)CO)OC4C(C(C(C(O4)CN)O)O)N)O)O)N,GUGGGCCUCAAAUGUGGAGCACUAUUCUGAUGUCCAAGUGGAAAGUGCUGCGACAUUUGAGCGUCAC,2.13076828026902
NCC1OC(OC2C(Cn3nnc(c3)Cn3cnc4c3ncnc4N)OC(C2O)OC2C(O)C(N)CC(C2OC2OC(CN)C(C(C2N)O)O)N)C(C(C1O)O)N,GUGGGCCUCAAAUGUGGAGCACUAUUCUGAUGUCCAAGUGGAAAGUGCUGCGACAUUUGAGCGUCAC,3.31425826139774
NCC1OC(OC2C(Cn3nnc(c3)Cn3ccc(=O)[nH]c3=O)OC(C2O)OC2C(O)C(N)CC(C2OC2OC(CN)C(C(C2N)O)O)N)C(C(C1O)O)N,GUGGGCCUCAAAUGUGGAGCACUAUUCUGAUGUCCAAGUGGAAAGUGCUGCGACAUUUGAGCGUCAC,2.97881070093006
NCC1OC(OC2C(Cn3nnc(c3)Cn3ccc(nc3=O)N)OC(C2O)OC2C(O)C(N)CC(C2OC2OC(CN)C(C(C2N)O)O)N)C(C(C1O)O)N,GUGGGCCUCAAAUGUGGAGCACUAUUCUGAUGUCCAAGUGGAAAGUGCUGCGACAUUUGAGCGUCAC,3.22402566887063
NCC1OC(OC2C(Cn3nnc(c3)Cn3cnc4c3[nH]c(N)nc4=O)OC(C2O)OC2C(O)C(N)CC(C2OC2OC(CN)C(C(C2N)O)O)N)C(C(C1O)O)N,GUGGGCCUCAAAUGUGGAGCACUAUUCUGAUGUCCAAGUGGAAAGUGCUGCGACAUUUGAGCGUCAC,3.83863199776503
NCC1OC(OC2C(Cn3nnc(c3)CCCC(=O)Nc3cccc(c3)c3ncc(s3)NC(=O)C)OC(C2O)OC2C(O)C(N)CC(C2OC2OC(CN)C(C(C2N)O)O)N)C(C(C1O)O)N,GUGGGCCUCAAAUGUGGAGCACUAUUCUGAUGUCCAAGUGGAAAGUGCUGCGACAUUUGAGCGUCAC,4.79588001734408
NCC1OC(OC2C(Cn3nnc(c3)Cc3nc4c(o3)ccc(c4)NC(=O)Nc3ccccc3)OC(C2O)OC2C(O)C(N)CC(C2OC2OC(CN)C(C(C2N)O)O)N)C(C(C1O)O)N,GUGGGCCUCAAAUGUGGAGCACUAUUCUGAUGUCCAAGUGGAAAGUGCUGCGACAUUUGAGCGUCAC,4.85698519974591
CCCCNC(=O)Nc1ccc2c(c1)nc(o2)Cc1nnn(c1)CC1OC(C(C1OC1OC(CN)C(C(C1N)O)O)O)OC1C(O)C(N)CC(C1OC1OC(CN)C(C(C1N)O)O)N,GUGGGCCUCAAAUGUGGAGCACUAUUCUGAUGUCCAAGUGGAAAGUGCUGCGACAUUUGAGCGUCAC,4.70553377383841
NCC1OC(OC2C(Cn3nnc(c3)Cn3cnc(c3)c3cccc(c3)NC(=O)c3ccccc3)OC(C2O)OC2C(O)C(N)CC(C2OC2OC(CN)C(C(C2N)O)O)N)C(C(C1O)O)N,GUGGGCCUCAAAUGUGGAGCACUAUUCUGAUGUCCAAGUGGAAAGUGCUGCGACAUUUGAGCGUCAC,4.72353819582676
CCCCNC(=O)Nc1cccc(c1)c1ncn(c1)Cc1nnn(c1)CC1OC(C(C1OC1,GUGGGCCUCAAAUGUGGAGCACUAUUCUGAUGUCCAAGU,4.33629907461035
OC(CN)C(C(C1N)O)O)O)OC1C(O)C(N)CC(C1OC1OC(CN)C(C(C1N)O)O)N,GGAAAGUGCUGCGACAUUUGAGCGUCAC,
NCC1OC(OC2C(Cn3nnc(c3)CCC(=O)NCC(=O)Nc3nc4c([nH]3)cccc4)OC(C2O)OC2C(O)C(N)CC(C2OC2OC(CN)C(C(C2N)O)O)N)C(C(C1O)O)N,GUGGGCCUCAAAUGUGGAGCACUAUUCUGAUGUCCAAGUGGAAAGUGCUGCGACAUUUGAGCGUCAC,4.82973828460504
NCC1OC(OC2C(Cn3nnc(c3)CCC(=O)Nc3cccc(c3)c3csc(n3)NC(=O)C)OC(C2O)OC2C(O)C(N)CC(C2OC2OC(CN)C(C(C2N)O)O)N)C(C(C1O)O)N,GUGGGCCUCAAAUGUGGAGCACUAUUCUGAUGUCCAAGUGGAAAGUGCUGCGACAUUUGAGCGUCAC,4.79588001734408
NCC1OC(OC2C(Cn3nnc(c3)CCC(=O)Nc3cccc(c3)c3csc(n3)NC(=O)c3ccc(cc3)C)OC(C2O)OC2C(O)C(N)CC(C2OC2OC(CN)C(C(C2N)O)O)N)C(C(C1O)O)N,GUGGGCCUCAAAUGUGGAGCACUAUUCUGAUGUCCAAGUGGAAAGUGCUGCGACAUUUGAGCGUCAC,4.27984069659404
NCC1OC(OC2C(Cn3nnc(c3)CCC(=O)Nc3cccc(c3)c3csc(n3)NC(=O)c3ccc(cc3)Cl)OC(C2O)OC2C(O)C(N)CC(C2OC2OC(CN)C(C(C2N)O)O)N)C(C(C1O)O)N,GUGGGCCUCAAAUGUGGAGCACUAUUCUGAUGUCCAAGUGGAAAGUGCUGCGACAUUUGAGCGUCAC,4.30016227413275
NCC1OC(OC2C(Cn3nnc(c3)CCC(=O)Nc3cccc(c3)c3csc(n3)NC(=O)c3ccc(cc3)F)OC(C2O)OC2C(O)C(N)CC(C2OC2OC(CN)C(C(C2N)O)O)N)C(C(C1O)O)N,GUGGGCCUCAAAUGUGGAGCACUAUUCUGAUGUCCAAGUGGAAAGUGCUGCGACAUUUGAGCGUCAC,4.64781748188864
NCC1OC(OC2C(Cn3nnc(c3)CCC(=O)Nc3cccc(c3)c3csc(n3)NC(=O)c3ccc(cc3)N)OC(C2O)OC2C(O)C(N)CC(C2OC2OC(CN)C(C(C2N)O)O)N)C(C(C1O)O)N,GUGGGCCUCAAAUGUGGAGCACUAUUCUGAUGUCCAAGUGGAAAGUGCUGCGACAUUUGAGCGUCAC,4.56863623584101
NCC1OC(OC2C(Cn3nnc(c3)CCCCC(=O)Nc3cccc(c3)c3csc(n3)NC(=O)C)OC(C2O)OC2C(O)C(N)CC(C2OC2OC(CN)C(C(C2N)O)O)N)C(C(C1O)O)N,GUGGGCCUCAAAUGUGGAGCACUAUUCUGAUGUCCAAGUGGAAAGUGCUGCGACAUUUGAGCGUCAC,4.56066730616974
NCC1OC(OC2C(Cn3nnc(c3)CCCCCC(=O)Nc3cccc(c3)c3csc(n3)NC(=O)C)OC(C2O)OC2C(O)C(N)CC(C2OC2OC(CN)C(C(C2N)O)O)N)C(C(C1O)O)N,GUGGGCCUCAAAUGUGGAGCACUAUUCUGAUGUCCAAGUGGAAAGUGCUGCGACAUUUGAGCGUCAC,4.58670023591875
NCC1OC(OC2C(Cn3nnc(c3)c3ccc(cc3)C(=O)Nc3cccc(c3)c3csc(n3)NC(=O)C)OC(C2O)OC2C(O)C(N)CC(C2,GUGGGCCUCAAAUGUGGAGCACUAUUCUGAUGUCCAAGUGGAAAGUGCUGCGACAUUUGAGCGUC,4.47108329972235
OC2OC(CN)C(C(C2N)O)O)N)C(C(C1O)O)N,AC,
NCC1OC(OC2C(Cn3nnc(c3)c3cccc(c3)C(=O)Nc3cccc(c3)c3csc(n3)NC(=O)C)OC(C2O)OC2C(O)C(N)CC(C2OC2OC(CN)C(C(C2N)O)O)N)C(C(C1O)O)N,GUGGGCCUCAAAUGUGGAGCACUAUUCUGAUGUCCAAGUGGAAAGUGCUGCGACAUUUGAGCGUCAC,4.39254497678533
NCC1OC(OC2C(Cn3nnc(c3)Oc3ccc(cc3)C(=O)Nc3cccc(c3)c3csc(n3)NC(=O)C)OC(C2O)OC2C(O)C(N)CC(C2OC2OC(CN)C(C(C2N)O)O)N)C(C(C1O)O)N,GUGGGCCUCAAAUGUGGAGCACUAUUCUGAUGUCCAAGUGGAAAGUGCUGCGACAUUUGAGCGUCAC,4.4907974776689
NCC1OC(OC2C(Cn3nnc(c3)Oc3cccc(c3)C(=O)Nc3cccc(c3)c3csc(n3)NC(=O)C)OC(C2O)OC2C(O)C(N)CC(C2OC2OC(CN)C(C(C2N)O)O)N)C(C(C1O)O)N,GUGGGCCUCAAAUGUGGAGCACUAUUCUGAUGUCCAAGUGGAAAGUGCUGCGACAUUUGAGCGUCAC,4.63078414258986
CNC1C(OC2OC(Cn3nnc(c3)CCC(=O)Nc3cccc(c3)c3csc(n3)NC(=O)C)C(C(C2O)O)N)OC2C(C1O)OC(C(C2)N)OC1C(N)CC(C(C1O)O)N,GUGGGCCUCAAAUGUGGAGCACUAUUCUGAUGUCCAAGUGGAAAGUGCUGCGACAUUUGAGCGUCAC,3.68193666503724
NCC1OC(OC2C(N)CC(C(C2O)O)N)C(C(C1OCn1nnc(c1)CC(=O)Nc1cccc(c1)c1csc(n1)NC(=O)C)O)N,GUGGGCCUCAAAUGUGGAGCACUAUUCUGAUGUCCAAGUGGAAAGUGCUGCGACAUUUGAGCGUCAC,3.49485002168009
O=C(Cc1nnn(c1)COC1C(N)CC(C(C1O)O)N)Nc1cccc(c1)c1csc(n1)NC(=O)C,GUGGGCCUCAAAUGUGGAGCACUAUUCUGAUGUCCAAGUGGAAAGUGCUGCGACAUUUGAGCGUCAC,3.16877030613294
NCC1OC(OC2C(Cn3nnc(c3)CCC(=O)Nc3cccc(c3)c3csc(n3)NC(=O)C)OC(C2O)OC2C(O)C(N)CC(C2OC2OC(CN)C(C(C2N)O)O)N)C(C(C1O)O)N,GGGAUACUCAAAAUGGGGGCGCUUUCCUUUUUGUCUGUACUGGGAAGUGCUUCGAUUUUGGGGUGUCCC,4.95078197732982
NCC1OC(OC2C(Cn3nnc(c3)CCC(=O)Nc3cccc(c3)c3csc(n3)NC(=O)c3ccc(cc3)C)OC(C2O)OC2C(O)C(N)CC(C2OC2OC(CN)C(C(C2N)O)O)N)C(C(C1O)O)N,GGGAUACUCAAAAUGGGGGCGCUUUCCUUUUUGUCUGUACUGGGAAGUGCUUCGAUUUUGGGGUGUCCC,4.36653154442041
NCC1OC(OC2C(Cn3nnc(c3)CCC(=O)Nc3cccc(c3)c3csc(n3)NC(=O)c3ccc(cc3)Cl)OC(C2O)OC2C(O)C(N)CC(C2OC2OC(CN)C(C(C2N)O)O)N)C(C(C1O)O)N,GGGAUACUCAAAAUGGGGGCGCUUUCCUUUUUGUCUGUACUGGGAAGUGCUUCGAUUUUGGGGUGUCCC,4.45967052520913
NCC1OC(OC2C(Cn3nnc(c3)CCC(=O)Nc3cccc(c3)c3csc(n3)NC(=O)c3ccc(cc3)F)OC(C2O)OC2C(O)C(N)CC(C2OC2OC(CN)C(C(C2N)O)O)N)C(C(C1O)O)N,GGGAUACUCAAAAUGGGGGCGCUUUCCUUUUUGUCUGUACUGGGAAGUGCUUCGAUUUUGGGGUGUCCC,4.47237009912866
NCC1OC(OC2C(Cn3nnc(c3)CCC(=O)Nc3cccc(c3)c3csc(n3)NC(=O)c3ccc(cc3)N)OC(C2O)OC2C(O)C(N)CC(C2OC2OC(CN)C(C(C2N)O)O)N)C(C(C1O)O)N,GGGAUACUCAAAAUGGGGGCGCUUUCCUUUUUGUCUGUACUGGGAAGUGCUUCGAUUUUGGGGUGUCCC,4.32330639037513
NCC1OC(OC2C(Cn3nnc(c3)CCCCC(=O)Nc3cccc(c3)c3csc(n3)NC(=O)C)OC(C2O)OC2C(O)C(N)CC(C2OC2OC(CN)C(C(C2N)O)O)N)C(C(C1O)O)N,GGGAUACUCAAAAUGGGGGCGCUUUCCUUUUUGUCUGUACUGGGAAGUGCUUCGAUUUUGGGGUGUCCC,4.63638802010786
NCC1OC(OC2C(Cn3nnc(c3)CCCCCC(=O)Nc3cccc(c3)c3csc(n3)NC(=O)C)OC(C2O)OC2C(O)C(N)CC(C2OC2OC(CN)C(C(C2N)O)O)N)C(C(C1O)O)N,GGGAUACUCAAAAUGGGGGCGCUUUCCUUUUUGUCUGUACUGGGAAGUGCUUCGAUUUUGGGGUGUCCC,4.37468754903833
NCC1OC(OC2C(Cn3nnc(c3)c3ccc(cc3)C(=O)Nc3cccc(c3)c3csc(n3)NC(=O)C)OC(C2O)OC2C(O)C(N)CC(C2OC2OC(CN)C(C(C2N)O)O)N)C(C(C1O)O)N,GGGAUACUCAAAAUGGGGGCGCUUUCCUUUUUGUCUGUACUGGGAAGUGCUUCGAUUUUGGGGUGUCCC,4.47625353318844
NCC1OC(OC2C(Cn3nnc(c3)c3cccc(c3)C(=O)Nc3cccc(c3)c3csc(n3)NC(=O)C)OC(C2O)OC2C(O)C(N)CC(C2OC2OC(CN)C(C(C2N)O)O)N)C(C(C1O)O)N,GGGAUACUCAAAAUGGGGGCGCUUUCCUUUUUGUCUGUACUGGGAAGUGCUUCGAUUUUGGGGUGUCCC,4.46344155742847
NCC1OC(OC2C(Cn3nnc(c3)Oc3ccc(cc3)C(=O)Nc3cccc(c3)c3csc(n3)NC(=O)C)OC(C2O)OC2C(O)C(N)CC(C2OC2OC(CN)C(C(C2N)O)O)N)C(C(C1O)O)N,GGGAUACUCAAAAUGGGGGCGCUUUCCUUUUUGUCUGUACUGGGAAGUGCUUCGAUUUUGGGGUGUCCC,4.42481215507234
NCC1OC(OC2C(Cn3nnc(c3)Oc3cccc(c3)C(=O)Nc3cccc(c3)c3csc(n3)NC(=O)C)OC(C2O)OC2C(O)C(N)CC(C2OC2OC(CN)C(C(C2N)O)O)N)C(C(C1O)O)N,GGGAUACUCAAAAUGGGGGCGCUUUCCUUUUUGUCUGUACUGGGAAGUGCUUCGAUUUUGGGGUGUCCC,4.47366072261016
CNC1C(OC2OC(Cn3nnc(c3)CCC(=O)Nc3cccc(c3)c3csc(n3)NC(=O)C)C(C(C2O)O)N)OC2C(C1O)OC(C(C2)N)OC1C(N)CC(C(C1O)O)N,GGGAUACUCAAAAUGGGGGCGCUUUCCUUUUUGUCUGUACUGGGAAGUGCUUCGAUUUUGGGGUGUCCC,3.99567862621736
NCC1OC(OC2C(N)CC(C(C2O)O)N)C(C(C1OCn1nnc(c1)CC(=O)Nc1cccc(c1)c1csc(n1)NC(=O)C)O)N,GGGAUACUCAAAAUGGGGGCGCUUUCCUUUUUGUCUGUACUGGGAAGUGCUUCGAUUUUGGGGUGUCCC,3.97469413473523
O=C(Cc1nnn(c1)COC1C(N)CC(C(C1O)O)N)Nc1cccc(c1)c1csc(n1)NC(=O)C,GGGAUACUCAAAAUGGGGGCGCUUUCCUUUUUGUCUGUACUGGGAAGUGCUUCGAUUUUGGGGUGUCCC,2.50307035192679
CC1(C(C2=CC=CC=C2NC1=NCCCNCCCCNCCCN)N(C)C3=CC=CC=C3)C,GUGGGCCUCAAAUGUGGAGCACUAUUCUGAUGUCCAAGUGGAAAGUGCUGCGACAUUUGAGCGUCAC,6.82390874094432
C(CCNCCCCNCCCCN)CN,GUGGGCCUCAAAUGUGGAGCACUAUUCUGAUGUCCAAGUGGAAAGUGCUGCGACAUUUGAGCGUCAC,6.27572413039921
NCCCCN/C(=C/1\C(=O)C=C2C(C1=O)(C)c1c(O)c(C)c(c(c1O2)C(=O)C)O)/C,GUGGGCCUCAAAUGUGGAGCACUAUUCUGAUGUCCAAGUGGAAAGUGCUGCGACAUUUGAGCGUCAC,5.93930215964639
CN1CCN(CC1)C2=CC3=C(C=C2)N=C(N3)C4=CC5=C(C=C4)N=C(N5)C6=CC(=CC=C6)OCCCC(=O)NCCCN=[N+]=[N-],AGCCCCUGCCCACCGCACACUGCGCUGCCCCAGACCCACUGUGCGUGUGACAGCGGCUGA,6.79588001734408
CN1CCN(CC1)C2=CC3=C(C=C2)N=C(N3)C4=CC5=C(C=C4)N=C(N5)C6=CC(=CC=C6)OCCCC(=O)NCCCN=[N+]=[N-],AGCCCCUGCCCACCGCACACUGCGCUGCCCCAGACCCACUGUGCGUGUGACAGCGGCUGA,6.72124639904717
N=[N+]=NCCCNC(=O)CCCOc1c(cc(cc1C(C)(C)C)c1nc2c([nH]1)ccc(c2)c1nc2c([nH]1)cc(cc2)N1CCN(CC1)C)C(C)(C)C,GGGAGAGGGUUUAAUUCUUACGAAAGUAAUAAUUGGAUCCGCAAGG,5.04575749056068
N=[N+]=NCCCNC(=O)CCCOc1c(cc(cc1C(C)(C)C)c1nc2c([nH]1)ccc(c2)c1nc2c([nH]1)cc(cc2)N1CCN(CC1)C)C(C)(C)C,GGGAGAGGGUUUAAUUUCUACGAAAGUAGCGAUUGGAUCCGCAAGG,4.92081875395238
N=[N+]=NCCCNC(=O)CCCOc1c(cc(cc1C(C)(C)C)c1nc2c([nH]1)ccc(c2)c1nc2c([nH]1)cc(cc2)N1CCN(CC1)C)C(C)(C)C,GGGAGAGGGUUUAAUUCAUACGAAAGUAUUAAUUGGAUCCGCAAGG,5.1249387366083
N=[N+]=NCCCNC(=O)CCCOc1c(cc(cc1C(C)(C)C)c1nc2c([nH]1)ccc(c2)c1nc2c([nH]1)cc(cc2)N1CCN(CC1)C)C,GGGAGAGGGUUUAAUUCAUUCUACGAAAGUAGCGUUAAUUGGAUCCGCAAGG,7.22184874961636
(C)(C)C,,
CCCN(C(=O)CN(C(=O)CNCc1nnn(c1)N=[N+]=N)CCC)CC(=O)N(CC(=O)N(CC(=O)N(CC(=O)N)CCC)CCC)CCC,GGGAGAGGGUUUAAUUCAUUCUACGAAAGUAGCGUUAAUUGGAUCCGCAAGG,4.74472749489669
CCCN(C(=O)CNCc1nnn(c1)N=[N+]=Nn1nnc(c1)CO)CC(=O)N(CC(=O)N(CC(=O)N(CC(=O)N(CC(=O)N)CCC)CCC)CCC)CCC,GGGAGAGGGUUUAAUUCAUUCUACGAAAGUAGCGUUAAUUGGAUCCGCAAGG,4.69897000433602
C1C(C(C(C(C1N)OC2C(C(C(C(O2)CN)O)O)N)OC3C(C(C(O3)CO)OC4C(C(C(C(O4)CN)O)O)N)O)O)N,CCGACUGAUGUUGACUGUUGAAUCUCAUGGCAACACCAGUCGG,5.39794000867204
CC1(COC(C(C1NC)O)OC2C(CC(C(C2O)OC3C(CC=C(O3)CN)N)N)N)O,CCGACUGAUGUUGACUGUUGAAUCUCAUGGCAACACCAGUCGG,5.39794000867204
[C@H]1([C@H](C[C@H]([C@H]([C@H]1O)O[C@@H]1[C@@H](C[C@@H]([C@@H](O1)CN)O)N)N)N)O[C@@H]1[C@H]([C@@H]([C@H]([C@@H](O1)CNc1c2ccccc2nc2c1cccc2)O)N)O,CCGACUGAUGUUGACUGUUGAAUCUCAUGGCAACACCAGUCGG,5.09691001300806
C1C(C(C(C(C1NC(=O)C(CCN)O)OC2C(C(C(C(O2)CO)O)N)O)O)OC3C(C(C(C(O3)CN)O)O)O)N,CCGACUGAUGUUGACUGUUGAAUCUCAUGGCAACACCAGUCGG,4.82390874094432
CC(C1CCC(C(O1)OC2C(CC(C(C2O)OC3C(C(C(CO3)(C)O)NC)O)N)N)N)NC,CCGACUGAUGUUGACUGUUGAAUCUCAUGGCAACACCAGUCGG,4.79588001734408
CNC1C(OC2OC(Cn3nnc(c3)CCC(=O)Nc3cccc(c3)c3csc(n3)NC(=O)C)C(C(C2O)O)N)OC2C(C1O)OC(C(C2)N)OC1C(N)CC(C(C1O)O)N,CCGACUGAUGUUGACUGUUGAAUCUCAUGGCAACACCAGUCGG,4.65757731917779
CCNC1CC(C(C(C1OC2C(C(C(CO2)(C)O)NC)O)O)OC3C(CC=C(O3)CN)N)N,CCGACUGAUGUUGACUGUUGAAUCUCAUGGCAACACCAGUCGG,4.45593195564972
C1C(C(C(C(C1N)OC2C(C(C(C(O2)CN)O)O)O)O)OC3C(C(C(C(O3)CO)O)N)O)N,CCGACUGAUGUUGACUGUUGAAUCUCAUGGCAACACCAGUCGG,4.35654732351381
C1C(C(C(C(C1N)OC2C(C(C(C(O2)CN)O)O)N)OC3C(C(C(O3)CO)O)O)O)N,CCGACUGAUGUUGACUGUUGAAUCUCAUGGCAACACCAGUCGG,4.04575749056068
CC(C1C(C(C(C(O1)OC2C(CC(C(C2O)OC3C(C(C(CO3)(C)O)NC)O)N)N)N)O)O)O,CCGACUGAUGUUGACUGUUGAAUCUCAUGGCAACACCAGUCGG,3.99567862621736
CC1C(C(C(O1)OC2C(C(C(C(C2O)O)N=C(N)N)O)N=C(N)N)OC3C(C(C(C(O3)CO)O)O)NC)(C=O)O,CCGACUGAUGUUGACUGUUGAAUCUCAUGGCAACACCAGUCGG,3.87289520163519
CNC1CC(C(C(C1O)OC2C3C(C(C(O2)CO)O)OC4(O3)C(C(C(C(O4)C(CO)N)O)O)O)O)N,CCGACUGAUGUUGACUGUUGAAUCUCAUGGCAACACCAGUCGG,3.58335949266172
C1C(C(C(C(C1N)OC2C(C(C(C(O2)CN)O)O)N)OC3C(C(C(O3)CO)OC4C(C(C(C(O4)CN)O)O)N)O)O)N,CCGACUGAUGUUGAXUGUUGAAUYUCAUGGCAACACCAGUCGG,5.52287874528034
CC1(COC(C(C1NC)O)OC2C(CC(C(C2O)OC3C(CC=C(O3)CN)N)N)N)O,CCGACUGAUGUUGAXUGUUGAAUYUCAUGGCAACACCAGUCGG,5.39794000867204
[C@H]1([C@H](C[C@H]([C@H]([C@H]1O)O[C@@H]1[C@@H](C[C@@H]([C@@H](O1)CN)O)N)N)N)O[C@@H]1[C@H]([C@@H]([C@H]([C@@H](O1)CNc1c2ccccc2nc2c1cccc2)O)N)O,CCGACUGAUGUUGAXUGUUGAAUYUCAUGGCAACACCAGUCGG,5.09691001300806
C1C(C(C(C(C1NC(=O)C(CCN)O)OC2C(C(C(C(O2)CO)O)N)O)O)OC3C(C(C(C(O3)CN)O)O)O)N,CCGACUGAUGUUGAXUGUUGAAUYUCAUGGCAACACCAGUCGG,4.85387196432176
CC(C1CCC(C(O1)OC2C(CC(C(C2O)OC3C(C(C(CO3)(C)O)NC)O)N)N)N)NC,CCGACUGAUGUUGAXUGUUGAAUYUCAUGGCAACACCAGUCGG,4.88605664769316
CNC1C(OC2OC(Cn3nnc(c3)CCC(=O)Nc3cccc(c3)c3csc(n3)NC(=O)C)C(C(C2O)O)N)OC2C(C1O)OC(C(C2)N)OC1C(N)CC(C(C1O)O)N,CCGACUGAUGUUGAXUGUUGAAUYUCAUGGCAACACCAGUCGG,4.63827216398241
CCNC1CC(C(C(C1OC2C(C(C(CO2)(C)O)NC)O)O)OC3C(CC=C(O3)CN)N)N,CCGACUGAUGUUGAXUGUUGAAUYUCAUGGCAACACCAGUCGG,4.46852108295774
C1C(C(C(C(C1N)OC2C(C(C(C(O2)CN)O)O)O)O)OC3C(C(C(C(O3)CO)O)N)O)N,CCGACUGAUGUUGAXUGUUGAAUYUCAUGGCAACACCAGUCGG,4.34678748622466
C1C(C(C(C(C1N)OC2C(C(C(C(O2)CN)O)O)N)OC3C(C(C(O3)CO)O)O)O)N,CCGACUGAUGUUGAXUGUUGAAUYUCAUGGCAACACCAGUCGG,4.10790539730952
CC(C1C(C(C(C(O1)OC2C(CC(C(C2O)OC3C(C(C(CO3)(C)O)NC)O)N)N)N)O)O)O,CCGACUGAUGUUGAXUGUUGAAUYUCAUGGCAACACCAGUCGG,4.0268721464003
CC1C(C(C(O1)OC2C(C(C(C(C2O)O)N=C(N)N)O)N=C(N)N)OC3C(C(C(C(O3)CO)O),CCGACUGAUGUUGAXUGUUGAAUYUCAUGGCAACACCAGUCGG,3.93930215964639
O)NC)(C=O)O,,
CNC1CC(C(C(C1O)OC2C3C(C(C(O2)CO)O)OC4(O3)C(C(C(C(O4)C(CO)N)O)O)O)O)N,CCGACUGAUGUUGAXUGUUGAAUYUCAUGGCAACACCAGUCGG,3.53610701101409
N=[N+]=NCCCNC(=O)CCCOc1ccc(cc1)c1nc2c([nH]1)cc(cc2)c1ccc(cc1)N1CCN(CC1)C,AGCCCCUGCCCACCGCACACUGCGCUGCCCCAGACCCACUGUGCGUGUGACAGCGGCUGA,4.74472749489669
CN1CCN(CC1)c1ccc(cc1)c1ccc2c(c1)[nH]c(n2)c1ccc(cc1)OCCCC(=O)N1CCN(CC1)c1nncc2c1ccs2,AGCCCCUGCCCACCGCACACUGCGCUGCCCCAGACCCACUGUGCGUGUGACAGCGGCUGA,6
CN1CCN(CC1)c1ccc(cc1)c1ccc2c(c1)[nH]c(n2)c1ccc(cc1)OCCCC(=O)N(Cc1ccncc1)CCNC(=O)c1ccc(c(c1)C)F,AGCCCCUGCCCACCGCACACUGCGCUGCCCCAGACCCACUGUGCGUGUGACAGCGGCUGA,6.89279003035213
Coc1ccc(cc1OCC1=NC2N(C1)C=CC=C2)NC(=O)CCCOc1ccc(cc1)c1[nH]c2c(n1)ccc(c2)c1ccc(cc1)N1CCN(CC1)C,AGCCCCUGCCCACCGCACACUGCGCUGCCCCAGACCCACUGUGCGUGUGACAGCGGCUGA,6.57024771999759
CN1CCN(CC1)c1ccc(cc1)c1ccc2c(c1)[nH]c(n2)c1ccc(cc1)OCCCC(=O)N1CCN(CC1)c1nncc2c1ccs2,GUUGACUGUUGAAUCUCAUGGCAAC,6.47366072261016
CN1CCN(CC1)c1ccc(cc1)c1ccc2c(c1)[nH]c(n2)c1ccc(cc1)OCCCC(=O)N1CCN(CC1)c1nncc2c1ccs2,GUUGACUGUUGAAUCUCAAUGGUCAAC,5
CN1CCN(CC1)c1ccc(cc1)c1ccc2c(c1)[nH]c(n2)c1ccc(cc1)OCCCC(=O)N1CCN(CC1)c1nncc2c1ccs2,GUUGACUGUUGAAUCUCAAUGGUCAAC,6.63827216398241
CN1CCN(CC1)c1ccc(cc1)c1ccc2c(c1)[nH]c(n2)c1ccc(cc1)OCCCC(=O)N1CCN(CC1)c1nncc2c1ccs2,GUUGACUGUUGAAUCUCAUGGUCAAC,5
CN1CCN(CC1)c1ccc(cc1)c1ccc2c(c1)[nH]c(n2)c1ccc(cc1)OCCCC(=O)N1CCN(CC1)c1nncc2c1ccs2,GUUGACUGUUGAAUCUCAUAGCAAC,5.48148606012211
C1=CC(=CC(=C1)C2=NC3=C(N2)C=C(C=C3)N)C4=NC5=C(N4)C=C(C=C5)N,GCAGAGGUUGCCCUUGGUGAAUUCGCUUUAUUUAUGUUGAAUCACACAAAGGCAACUUUUGU,4.53760200210104
CN1CCN(CC1)c1cc(Nc2nccc(c2)Nc2ccc3c(n2)cccc3)nc(n1)C,GCAGAGGUUGCCCUUGGUGAAUUCGCUUUAUUUAUGUUGAAUCACACAAAGGCAACUUUUGU,5.52287874528034
CCOC(=O)CCCOC1=CC(=CC(=C1)C2=NC3=C(N2)C=C(C=C3)N)C4=NC5=C(N4)C=,GCAGAGGUUGCCCUUGGUGAAUUCGCUUUAUUUAUGUUGAAUCACACAAAGG,6.09691001300806
C(C=C5)N,CAACUUUUGU,
C#CCc1nc(Nc2nccc(c2)Nc2ccc3c(n2)cccc3)cc(n1)N1CCN(CC1)C,GCAGAGGUUGCCCUUGGUGAAUUCGCUUUAUUUAUGUUGAAUCACACAAAGGCAACUUUUGU,5.79588001734408
CCCN(C(=O)CN(C(=O)CN(C(=O)CN(C(=O)CCCOc1cc(cc(c1)c1[nH]c2c(n1)cc(cc2)N)c1[nH]c2c(n1)ccc(c2)N)CCC)CCC)CCC)CC(=O)N(CC(=O)N)CCCn1cnc(c1)CN1CCN(CC1)c1nc(CC)nc(c1)Nc1nccc(c1)Nc1ccc2c(n1)cccc2,GCAGAGGUUGCCCUUGGUGAAUUCGCUUUAUUUAUGUUGAAUCACACAAAGGCAACUUUUGU,6.72124639904717
N=[N+]=NCCCNC(=O)CCCOc1ccc(cc1)c1nc2c([nH]1)ccc(c2)c1ccc(cc1)N1CCN(CC1)C,AGCCCCUGCCCACCGCACACUGCGCUGCCCCAGACCCACUGUGCGUGUGACAGCGGCUGA,4.69897000433602
CCCN(C(=O)CN(C(=O)NCc1nnn(c1)CCCNC(=O)CCCOc1ccc(cc1)c1nc2c([nH]1)ccc(c2)c1ccc(cc1)N1CCN(CC1)C)CCC)CC(=O)N(CC(=O)N(Cc1nnn(c1)CCCNC(=O)CCCOc1ccc(cc1)c1nc2c([nH]1)ccc(c2)c1ccc(cc1)N1CCN(CC1)C)CC(=O)N)CCC,AGCCCCUGCCCACCGCACACUGCGCUGCCCCAGACCCACUGUGCGUGUGACAGCGGCUGA,6.00877392430751
NC(=[NH2+])C1=CC=C(NC2=CC=C(C=C2)C2=CC3=CC=C(C=C3N2)C(N)=[NH2+])C=C1,GUGCAGGUAGUGAUAUGUGCAUCUACUGCAC,6.92081875395238
NC(=[NH2+])C1=CC=C(NC2=CC=C(C=C2)C2=CC3=CC=C(C=C3N2)C(N)=[NH2+])C=C1,GUGCAGGUAGUGAUAUGUGCAUCUACUGCAC,4.82390874094432
NC(=[NH2+])C1=CC=C(NC2=CC=C(C=C2)C2=CC3=CC=C(C=C3N2)C(N)=[NH2+])C=C1,GUGCAGGUAGUGAUAUGUGCAUCUACCUGCAC,4.72124639904717
NC(=[NH2+])C1=CC=C(NC2=CC=C(C=C2)C2=CC3=CC=C(C=C3N2)C(N)=[NH2+])C=C1,GUGCAGGUAGAUGAUAUGUGCAUCUACCUGCAC,4
NC(=[NH2+])C1=CC=C(NC2=CC=C(C=C2)C2=CC3=CC=C(C=C3N2)C(N)=[NH2+])C=C1,UGCAGAUAGUGAAGUAGAUAGGCAUCUACUGCA,6.90657831483777
NCCCC(=O)NCCCN1Cc2ccc3c(n2)nc(cc3)NC(=O)OCC/C=C/CCOC(=O)Nc2nc3nc(C1)ccc3cc2,GCUGAUUUCUUUUGGUGUUCAGAGGGGUCGGUGGUGGUGGUGGUGGUGGUUCUAGCACCAUCUGAAAUCGGUUA,6.6615435063954
NCCCC(=O)NCCCN1Cc2ccc3c(n2)nc(cc3)NC(=O)OCC/C=C/,GCUGAUUUCUUUUGGUGUUCAGAGUGGUCGGUGGUUGGU,5.88272870434424
CCOC(=O)Nc2nc3nc(C1)ccc3cc2,GGUGGGUGGUGGUUCUAGCACCAUCUGAAAUCGGUUA,
NCCCC(=O)NCCCN1Cc2ccc3c(n2)nc(cc3)NC(=O)OCC/C=C/CCOC(=O)Nc2nc3nc(C1)ccc3cc2,GCUGAUUUCUUUUGGUGUUCAGAGAGGUCGGUGGUUGGUGGUGGGUGGUGGUUCUAGCACCAUCUGAAAUCGGUUA,6.16621562534352
NCCCC(=O)NCCCN1Cc2ccc3c(n2)nc(cc3)NC(=O)OCC/C=C/CCOC(=O)Nc2nc3nc(C1)ccc3cc2,GCUGAUUUCUUUUGGUGUUCAGAGUGGGGUGAGCUUUCUAGCACCAUCUGAAAUCGGUUA,6.86966623150499
NCCCC(=O)NCCCN1Cc2ccc3c(n2)nc(cc3)NC(=O)OCC/C=C/CCOC(=O)Nc2nc3nc(C1)ccc3cc2,GUGCAUUGUAGUUGCAUUGCAUGUUCUGGUGGUACCCAUCGAAUGUUUCCACAGUGCAUCAC,8.86012091359876
NCCCC(=O)NCCCN1Cc2ccc3c(n2)nc(cc3)NC(=O)OCC/C=C/CCOC(=O)Nc2nc3nc(C1)ccc3cc2,GUGCAUUGUAGUUGCAUUGCAUGUUCUGGUAGUACCCAUCGAAUGUUUCCACAGUGCAUCAC,8.64975198166584
NCCCC(=O)NCCCN1Cc2ccc3c(n2)nc(cc3)NC(=O)OCC/C=C/CCOC(=O)Nc2nc3nc(C1)ccc3cc2,GUGCAUUGUAGUUGCAUUGCAUGUUCUGGUGAUACCCAUCGAAUGUUUCCACAGUGCAUCAC,8.59345981956604
NCCCC(=O)NCCCN1Cc2ccc3c(n2)nc(cc3)NC(=O)OCC/C=C/CCOC(=O)Nc2nc3nc(C1)ccc3cc2,UGCCUACUGAGCUGAAACACAGUUGGUUUGUGUACACUGGCUCAGUUCAGCAGGAACAG,8.6903698325741
N=[N+]=NCCCNC(=O)CCCOc1cccc(c1)c1nc2c([nH]1)ccc(c2)c1nc2c([nH]1)cc(cc2)N1CCN(CC1)C,AGCCCCUGCCCACCGCACACUGCGCUGCCCCAGACCCACUGUGCGUGUGACAGCGGCUGA,6.79588001734408
CCCN(C(=O)NCc1nnn(c1)CCCCC(=O)CCCOc1c(cc(cc1C(C)(C)C)c1[nH]c2c(n1)cc(cc2)N1CCN(CC1)C)C(C)(C)C)CC(=O)N(C(=O)CCCOc1ccc(cc1)c1[nH]c2c(n1)cc(cc2)N1CCN(CC1)C)CCC,GGGAGAGGGUUUAAUUACGAAAGUAAUUGGAUCCGCAAGG,7.69897000433602
CCCN(C(=O)CN(C(=O)NCc1nnn(c1)CCCCC(=O)CCCOc1ccc(cc1)c1nc2c([nH]1)ccc(c2)c1ccc(cc1)N1CCN(CC1)C)CCC)CC(=O)N(CC(=O)N(Cc1nnn(c1)CCCCC(=O)CCCOc1ccc(cc1)c1nc2c([nH]1)ccc(c2)c1ccc(cc1)N1CCN(CC1)C)CC(=O)N)CCC,AGCCCCUGCCCACCGCACACUGCGCUGCCCCAGACCCACUGUGCGUGUGACAGCGGCUGA,6.00877392430751
CCCN(C(=O)CN(C(=O)NCc1nnn(c1)CCCCC(=O)CCCOc1c(cc(cc1C(C)(C)C)c1nc2c([nH]1)ccc(c2)c1ccc(cc1)N1CCN(CC1)C)C(C)(C)C)CCC)CC(=O)N(,UAGCUUAUCAGACUGAUGUUGACUGUUGAAUCUCAUGGCAACACCAGUCGAUGGGCUGU,6.92081875395238
CC(=O)N(Cc1nnn(c1)CCCCC(=O)CCCOc1c(cc(cc1C(C)(C)C)c1nc2c([nH]1)ccc(c2)c1ccc(cc1)N1CCN(CC1)C)C(C)(C)C)CC(=O)N)CCC,,
OC(COP(=O)(OC1C(O)C(OC1n1cnc2c1ncnc2N)COP(=O)(OC1C(O)C(OC1n1cnc2c1ncnc2N)COP(=O)(OC1C(O)C(OC1n1cnc2c1ncnc2N)COP(=O)(OC1C(O)C(OC1n1cnc2c1ncnc2N)COP(=O)(O)O)O)O)O)O)COCCCNC(=O)CCCOc1cccc(c1)c1nc2c([nH]1)ccc(c2)c1nc2c([nH]1)cc(cc2)N1CCN(CC1)C,AGCCCCUGCCCACCGCACACUGCGCUGCCCCAGACCCACUGUGCGUGUGACAGCGGCUGA,6.72124639904717
CCCN(C(=O)N(Cc1nnn(c1)CCCCC(=O)CCCOc1c(cc(cc1C(C)(C)C)c1nc2c([nH]1)ccc(c2)N1CCN(CC1)C)C(C)(C)C)CCOCCOCCOP(=O)(OC1C(O)C(OC1n1cnc2c1ncnc2N)COP(=O)(OC1C(O)C(OC1n1cnc2c1ncnc2N)COP(=O)(OC1C(O)C(OC1n1cnc2c1ncnc2N)COP(=O)(OC1C(O)C(OC1n1cnc2c1ncnc2N)COP(=O)(O)O)O)O)O)O)CC(=O)N(C(=O)CCCOc1ccc(cc1)c1nc2c([nH]1)ccc(c2)N1CCN(CC1)C)CCC,GGGAGAGGGUUUAAUUACGAAAGUAAUUGGAUCCGCAAGG,7.07572071393812
CCCN(C(=O)N(Cc1nnn(c1)CCCCC(=O)CCCOc1c(cc(cc1C(C)(C)C)c1nc2c([nH]1)ccc(c2)N1CCN(CC1)C)C(C)(C)C)CC(=O)NCCCCNCCCNC(=O)c1csc(n1)c1csc(n1)CCNC(=O)C(C(O)C)NC(=O)C(C(C(NC(=O)C(C(c1cnc[nH]1)OC1OC(CO)C(C(C1OC1OC(CO)C(C(C1O)OC(=O)N)O)O)O)NC(=O)c1nc(nc(c1C)N)C(CC(=O)N)NCC(C(=O)N)N)C)O)C)CC(=O)N(C(=O)CCCOc1ccc(cc1)c1nc2c([nH]1)ccc(c2)N1CCN(CC1)C)CCC,GGGAGAGGGUUUAAUUACGAAAGUAAUUGGAUCCGCAAGG,7.19382002601611
